created_at,id_str,full_text,quote_count,reply_count,retweet_count,favorite_count,lang,user_id_str,conversation_id_str,username,tweet_url,cleaned_text,tokens,normalisasi,Stopwords,Stemmer,label,sentiment,score
Sun Aug 27 23:56:20 +0000 2023,1695948392214749278,"Pen kenalan sama programmer cocoki, pen curhat waktuku habis tapi belum juga menang. Rada asu ini game,gw anaknya penasaran lagiiüò≠",0,0,0,0,in,1247568274415443974,1695948392214749278,ataritafaran,https://twitter.com/ataritafaran/status/1695948392214749278,pen kenalan sama programmer cocoki pen curhat waktuku habis tapi belum juga menang rada asu ini gamegw anaknya penasaran lagii,"['pen', 'kenalan', 'sama', 'programmer', 'cocoki', 'pen', 'curhat', 'waktuku', 'habis', 'tapi', 'belum', 'juga', 'menang', 'rada', 'asu', 'ini', 'gamegw', 'anaknya', 'penasaran', 'lagii']","['pingin', 'kenalan', 'sama', 'programmer', 'cocoki', 'pingin', 'curhat', 'waktuku', 'habis', 'tetapi', 'belum', 'juga', 'menang', 'rada', 'asu', 'ini', 'gamegw', 'anaknya', 'penasaran', 'lagii']","['pingin', 'kenalan', 'programmer', 'cocoki', 'pingin', 'curhat', 'waktuku', 'habis', 'menang', 'rada', 'asu', 'gamegw', 'anaknya', 'penasaran', 'lagii']",pingin kenal programmer cocok pingin curhat waktu habis menang rada asu gamegw anak penasaran lagi,NEGATIVE,"{'label': 'NEGATIVE', 'score': 0.9859344363212585}",0.9859344363212585
Sun Aug 27 23:51:40 +0000 2023,1695947217725784368,frustasi main cocoki level 2,0,0,0,0,in,52958866,1695947217725784368,amiajaro,https://twitter.com/amiajaro/status/1695947217725784368,frustasi main cocoki level 2,"['frustasi', 'main', 'cocoki', 'level', '2']","['frustasi', 'main', 'cocoki', 'level', '2']","['frustasi', 'main', 'cocoki', 'level', '2']",frustasi main cocok level 2,NEGATIVE,"{'label': 'NEGATIVE', 'score': 0.9839850068092346}",0.9839850068092346
Sun Aug 27 23:47:27 +0000 2023,1695946158403932334,bangke pagi pagi udah enek liat cocoki,0,0,0,0,in,1228951576670195713,1695946158403932334,kthsoloists,https://twitter.com/kthsoloists/status/1695946158403932334,bangke pagi pagi udah enek liat cocoki,"['bangke', 'pagi', 'pagi', 'udah', 'enek', 'liat', 'cocoki']","['bangke', 'pagi', 'pagi', 'sudah', 'enek', 'liat', 'cocoki']","['bangke', 'enek', 'liat', 'cocoki']",bangke enek liat cocok,NEGATIVE,"{'label': 'NEGATIVE', 'score': 0.9595668315887451}",0.9595668315887451
Sun Aug 27 23:45:59 +0000 2023,1695945787191255418,mimpi menang cocoki 4 kali,0,1,0,0,in,1558075981025669121,1695945787191255418,wanbderer,https://twitter.com/wanbderer/status/1695945787191255418,mimpi menang cocoki 4 kali,"['mimpi', 'menang', 'cocoki', '4', 'kali']","['mimpi', 'menang', 'cocoki', '4', 'kali']","['mimpi', 'menang', 'cocoki', '4', 'kali']",mimpi menang cocok 4 kali,NEGATIVE,"{'label': 'NEGATIVE', 'score': 0.7074920535087585}",0.7074920535087585
Sun Aug 27 23:41:37 +0000 2023,1695944689961316368,Selamat senin ü´∂üèª. Doain hari ini gua menang shopee cocoki ü§£,0,0,0,0,in,3250705273,1695944689961316368,FernandosZz,https://twitter.com/FernandosZz/status/1695944689961316368,selamat senin doain hari ini gua menang shopee cocoki,"['selamat', 'senin', 'doain', 'hari', 'ini', 'gua', 'menang', 'shopee', 'cocoki']","['selamat', 'senin', 'doain', 'hari', 'ini', 'gua', 'menang', 'shopee', 'cocoki']","['selamat', 'senin', 'doain', 'gua', 'menang', 'shopee', 'cocoki']",selamat senin doain gua menang shopee cocok,NEGATIVE,"{'label': 'NEGATIVE', 'score': 0.9758059978485107}",0.9758059978485107
Sun Aug 27 23:40:07 +0000 2023,1695944312264282565,ksiangan gegara main cocoki,0,0,0,0,in,1505903699717083143,1695944275186585696,rwndangz,https://twitter.com/rwndangz/status/1695944312264282565,ksiangan gegara main cocoki,"['ksiangan', 'gegara', 'main', 'cocoki']","['kesiangan', 'gegara', 'main', 'cocoki']","['kesiangan', 'gegara', 'main', 'cocoki']",siang gegara main cocok,NEGATIVE,"{'label': 'NEGATIVE', 'score': 0.7164868712425232}",0.7164868712425232
Sun Aug 27 23:39:58 +0000 2023,1695944275186585696,fak sopi cocoki eanjg,0,1,0,0,in,1505903699717083143,1695944275186585696,rwndangz,https://twitter.com/rwndangz/status/1695944275186585696,fak sopi cocoki eanjg,"['fak', 'sopi', 'cocoki', 'eanjg']","['fuck', 'shopee', 'cocoki', 'eanjg']","['fuck', 'shopee', 'cocoki', 'eanjg']",fuck shopee cocok eanjg,NEGATIVE,"{'label': 'NEGATIVE', 'score': 0.9961766004562378}",0.9961766004562378
Sun Aug 27 23:28:37 +0000 2023,1695941417993224647,dari jam 3 pagi mainin cocoki. udah keliatan dasar palungnya eh mati lagi mati lagi,0,0,0,0,in,1069228935559278592,1695941417993224647,kwakkiX,https://twitter.com/kwakkiX/status/1695941417993224647,dari jam 3 pagi mainin cocoki udah keliatan dasar palungnya eh mati lagi mati lagi,"['dari', 'jam', '3', 'pagi', 'mainin', 'cocoki', 'udah', 'keliatan', 'dasar', 'palungnya', 'eh', 'mati', 'lagi', 'mati', 'lagi']","['dari', 'jam', '3', 'pagi', 'mainin', 'cocoki', 'sudah', 'keliatan', 'dasar', 'palungnya', 'eh', 'mati', 'lagi', 'mati', 'lagi']","['jam', '3', 'mainin', 'cocoki', 'keliatan', 'dasar', 'palungnya', 'mati', 'mati']",jam 3 mainin cocok liat dasar palung mati mati,NEGATIVE,"{'label': 'NEGATIVE', 'score': 0.9878492951393127}",0.9878492951393127
Sun Aug 27 23:28:07 +0000 2023,1695941290339553362,Decided to give up and just playing Cocoki when I need to claim the free coins! üòÇ Capek.,0,0,0,0,en,1230935382981660677,1695941290339553362,jeongsimjae,https://twitter.com/jeongsimjae/status/1695941290339553362,decided to give up and just playing cocoki when need to claim the free coins capek,"['decided', 'to', 'give', 'up', 'and', 'just', 'playing', 'cocoki', 'when', 'need', 'to', 'claim', 'the', 'free', 'coins', 'capek']","['decided', 'to', 'give', 'up', 'and', 'just', 'playing', 'cocoki', 'when', 'need', 'to', 'claim', 'the', 'free', 'coins', 'capek']","['decided', 'to', 'give', 'up', 'and', 'just', 'playing', 'cocoki', 'when', 'need', 'to', 'claim', 'the', 'free', 'coins', 'capek']",decided to give up and just playing cocok when need to claim the free coins capek,NEGATIVE,"{'label': 'NEGATIVE', 'score': 0.994076132774353}",0.994076132774353
Sun Aug 27 23:23:37 +0000 2023,1695940159446139162,"Alhamdulillah hariku cerah, cocoki tembus dipagi hari ü§© https://t.co/OM5hMceEt4",0,1,0,0,in,1613576491815796737,1695940159446139162,ryliana_,https://twitter.com/ryliana_/status/1695940159446139162,alhamdulillah hariku cerah cocoki tembus dipagi hari,"['alhamdulillah', 'hariku', 'cerah', 'cocoki', 'tembus', 'dipagi', 'hari']","['alhamdulillah', 'hariku', 'cerah', 'cocoki', 'tembus', 'dipagi', 'hari']","['alhamdulillah', 'hariku', 'cerah', 'cocoki', 'tembus', 'dipagi']",alhamdulillah hari cerah cocok tembus pagi,NEGATIVE,"{'label': 'NEGATIVE', 'score': 0.9812661409378052}",0.9812661409378052
Sun Aug 27 23:21:18 +0000 2023,1695939577196982709,@kacchaou Cocoki ga sih,0,1,0,0,in,85044516,1695800625362280638,herianiyulia,https://twitter.com/herianiyulia/status/1695939577196982709,cocoki ga sih,"['cocoki', 'ga', 'sih']","['cocoki', 'tidak', 'sih']","['cocoki', 'sih']",cocok sih,POSITIVE,"{'label': 'POSITIVE', 'score': 0.8623359203338623}",0.8623359203338623
Sun Aug 27 23:14:57 +0000 2023,1695937978110280018,alasan buat thread menang cocoki adalah? biar ga penuhin memori di galeri dan buat kenang kenangan bisa menangin game laknat ini üòéüëäüèª  soalnya mau diapus ss nya juga sayang jadi buat ginian deng ü´∂üèªü©µ,0,0,0,0,in,1601146702165340160,1695937978110280018,kissedbyfara,https://twitter.com/kissedbyfara/status/1695937978110280018,alasan buat thread menang cocoki adalah biar ga penuhin memori di galeri dan buat kenang kenangan bisa menangin game laknat ini soalnya mau diapus ss nya juga sayang jadi buat ginian deng,"['alasan', 'buat', 'thread', 'menang', 'cocoki', 'adalah', 'biar', 'ga', 'penuhin', 'memori', 'di', 'galeri', 'dan', 'buat', 'kenang', 'kenangan', 'bisa', 'menangin', 'game', 'laknat', 'ini', 'soalnya', 'mau', 'diapus', 'ss', 'nya', 'juga', 'sayang', 'jadi', 'buat', 'ginian', 'deng']","['alasan', 'buat', 'thread', 'menang', 'cocoki', 'adalah', 'biar', 'tidak', 'penuhin', 'memori', 'di', 'galeri', 'dan', 'buat', 'kenang', 'kenangan', 'bisa', 'menangin', 'game', 'laknat', 'ini', 'soalnya', 'mau', 'diapus', 'ss', 'nya', 'juga', 'sayang', 'jadi', 'buat', 'ginian', 'deng']","['thread', 'menang', 'cocoki', 'penuhin', 'memori', 'galeri', 'kenang', 'kenangan', 'menangin', 'game', 'laknat', 'diapus', 'ss', 'sayang', 'ginian', 'deng']",thread menang cocok penuhin memori galeri kenang kenang menangin game laknat diapus ss sayang ginian deng,NEGATIVE,"{'label': 'NEGATIVE', 'score': 0.9841757416725159}",0.9841757416725159
Sun Aug 27 23:12:11 +0000 2023,1695937281885180242,@hwistoria Dewa cocoki,0,1,0,0,in,1209409941800284161,1695934843274821889,thisisuerkiz,https://twitter.com/thisisuerkiz/status/1695937281885180242,dewa cocoki,"['dewa', 'cocoki']","['dewa', 'cocoki']","['dewa', 'cocoki']",dewa cocok,NEGATIVE,"{'label': 'NEGATIVE', 'score': 0.9419493079185486}",0.9419493079185486
Sun Aug 27 23:12:07 +0000 2023,1695937262452883692,"Pamer menang shopee cocoki part 2.27. Good morning kepada screen recordku, spotipai, dan syopi yang mau diajak kerja sama pagi ini üòò https://t.co/CCIEWaeU3p",1,1,0,0,in,1518393276,1695937262452883692,yayukfit,https://twitter.com/yayukfit/status/1695937262452883692,pamer menang shopee cocoki part 227 good morning kepada screen recordku spotipai dan syopi yang mau diajak kerja sama pagi ini,"['pamer', 'menang', 'shopee', 'cocoki', 'part', '227', 'good', 'morning', 'kepada', 'screen', 'recordku', 'spotipai', 'dan', 'syopi', 'yang', 'mau', 'diajak', 'kerja', 'sama', 'pagi', 'ini']","['pamer', 'menang', 'shopee', 'cocoki', 'part', '227', 'good', 'morning', 'kepada', 'screen', 'recordku', 'spotipai', 'dan', 'syopi', 'yang', 'mau', 'diajak', 'kerja', 'sama', 'pagi', 'ini']","['pamer', 'menang', 'shopee', 'cocoki', 'part', '227', 'good', 'morning', 'screen', 'recordku', 'spotipai', 'syopi', 'diajak', 'kerja']",pamer menang shopee cocok part 227 good morning screen recordku spotipai syopi ajak kerja,NEGATIVE,"{'label': 'NEGATIVE', 'score': 0.6923279762268066}",0.6923279762268066
Sun Aug 27 23:06:23 +0000 2023,1695935820178583978,COCOKI JANCOK,0,0,0,0,in,1625739199252156423,1695935820178583978,ddikkeyy,https://twitter.com/ddikkeyy/status/1695935820178583978,cocoki jancok,"['cocoki', 'jancok']","['cocoki', 'jancok']","['cocoki', 'jancok']",cocok jancok,NEGATIVE,"{'label': 'NEGATIVE', 'score': 0.9245151877403259}",0.9245151877403259
Sun Aug 27 23:03:56 +0000 2023,1695935204869931435,ya Allah pagi-pagi udah menang cocoki.. today's gonna be a GOOD DAY üòÅ https://t.co/sJmmBEgHQv,0,1,0,0,in,547495115,1695935204869931435,STPHNHWANG,https://twitter.com/STPHNHWANG/status/1695935204869931435,ya allah pagipagi udah menang cocoki todays gonna be good day,"['ya', 'allah', 'pagipagi', 'udah', 'menang', 'cocoki', 'todays', 'gon', 'na', 'be', 'good', 'day']","['ya', 'allah', 'pagipagi', 'sudah', 'menang', 'cocoki', 'todays', 'gon', 'na', 'be', 'good', 'day']","['ya', 'allah', 'pagipagi', 'menang', 'cocoki', 'todays', 'gon', 'na', 'be', 'good', 'day']",ya allah pagipagi menang cocok todays gon na be good day,POSITIVE,"{'label': 'POSITIVE', 'score': 0.9845394492149353}",0.9845394492149353
Sun Aug 27 23:01:27 +0000 2023,1695934580862365836,WOOOW cocoki gue hari ini langsung menang di percobaan pertama hahaha,0,1,0,0,in,2410020924,1695934580862365836,hanathexplorer,https://twitter.com/hanathexplorer/status/1695934580862365836,wooow cocoki gue hari ini langsung menang di percobaan pertama hahaha,"['wooow', 'cocoki', 'gue', 'hari', 'ini', 'langsung', 'menang', 'di', 'percobaan', 'pertama', 'hahaha']","['wooow', 'cocoki', 'saya', 'hari', 'ini', 'langsung', 'menang', 'di', 'percobaan', 'pertama', 'hahaha']","['wooow', 'cocoki', 'langsung', 'menang', 'percobaan', 'hahaha']",wooow cocok langsung menang coba hahaha,NEGATIVE,"{'label': 'NEGATIVE', 'score': 0.9906921982765198}",0.9906921982765198
Sun Aug 27 22:57:01 +0000 2023,1695933466448367742,@dudidudidumb Skip dlu kt cocoki,0,1,0,0,in,2950138574,1695930178659373369,inikhael,https://twitter.com/inikhael/status/1695933466448367742,skip dlu kt cocoki,"['skip', 'dlu', 'kt', 'cocoki']","['skip', 'dulu', 'kita', 'cocoki']","['skip', 'cocoki']",skip cocok,NEGATIVE,"{'label': 'NEGATIVE', 'score': 0.9969006776809692}",0.9969006776809692
Sun Aug 27 22:56:50 +0000 2023,1695933418759241735,@EchoesJAKE FAKMEN GUA UDAH LUPA CARA MAIN COCOKI.,0,1,0,0,in,1694974043911561216,1695930651495796778,VoyagersMarklee,https://twitter.com/VoyagersMarklee/status/1695933418759241735,fakmen gua udah lupa cara main cocoki,"['fakmen', 'gua', 'udah', 'lupa', 'cara', 'main', 'cocoki']","['fakmen', 'gua', 'sudah', 'lupa', 'cara', 'main', 'cocoki']","['fakmen', 'gua', 'lupa', 'main', 'cocoki']",fakmen gua lupa main cocok,NEGATIVE,"{'label': 'NEGATIVE', 'score': 0.9716703295707703}",0.9716703295707703
Sun Aug 27 22:56:10 +0000 2023,1695933252476039561,@yoonghere Siap ikut lomba cocokiüòÅ,0,0,0,0,in,885726809706209282,1695807742144098489,NIDNOPE,https://twitter.com/NIDNOPE/status/1695933252476039561,siap ikut lomba cocoki,"['siap', 'ikut', 'lomba', 'cocoki']","['siap', 'ikut', 'lomba', 'cocoki']","['lomba', 'cocoki']",lomba cocok,POSITIVE,"{'label': 'POSITIVE', 'score': 0.6408445835113525}",0.6408445835113525
Sun Aug 27 22:53:56 +0000 2023,1695932688216248572,"Ingpo cit sopi cocoki, gw dh lelah https://t.co/8M3M4OvX9H",0,0,0,0,in,1456162273416810498,1695932688216248572,tisaaWoe,https://twitter.com/tisaaWoe/status/1695932688216248572,ingpo cit sopi cocoki gw dh lelah,"['ingpo', 'cit', 'sopi', 'cocoki', 'gw', 'dh', 'lelah']","['info', 'cit', 'shopee', 'cocoki', 'gw', 'dh', 'lelah']","['info', 'cit', 'shopee', 'cocoki', 'gw', 'dh', 'lelah']",info cit shopee cocok gw dh lelah,NEGATIVE,"{'label': 'NEGATIVE', 'score': 0.9869856238365173}",0.9869856238365173
Sun Aug 27 22:43:49 +0000 2023,1695930144542871700,anjay pertama kali dapet cocoki https://t.co/02X2JeRO7P,0,0,0,0,in,1055518643004485633,1695930144542871700,mienstann,https://twitter.com/mienstann/status/1695930144542871700,anjay pertama kali dapet cocoki,"['anjay', 'pertama', 'kali', 'dapet', 'cocoki']","['anjay', 'pertama', 'kali', 'dapet', 'cocoki']","['anjay', 'kali', 'dapet', 'cocoki']",anjay kali dapet cocok,NEGATIVE,"{'label': 'NEGATIVE', 'score': 0.9361766576766968}",0.9361766576766968
Sun Aug 27 22:31:35 +0000 2023,1695927065114198078,belum tidur hm semaleman bukannya ngerjain apa gitu malah main shopee cocoki. geregetan jd gabisa tidur,0,0,0,0,in,1619785575116201984,1695927065114198078,spidermarkworld,https://twitter.com/spidermarkworld/status/1695927065114198078,belum tidur hm semaleman bukannya ngerjain apa gitu malah main shopee cocoki geregetan jd gabisa tidur,"['belum', 'tidur', 'hm', 'semaleman', 'bukannya', 'ngerjain', 'apa', 'gitu', 'malah', 'main', 'shopee', 'cocoki', 'geregetan', 'jd', 'gabisa', 'tidur']","['belum', 'tidur', 'hm', 'semaleman', 'bukannya', 'ngerjain', 'apa', 'begitu', 'malah', 'main', 'shopee', 'cocoki', 'geregetan', 'jadi', 'gabisa', 'tidur']","['tidur', 'hm', 'semaleman', 'ngerjain', 'main', 'shopee', 'cocoki', 'geregetan', 'gabisa', 'tidur']",tidur hm maleman ngerjain main shopee cocok gereget gabisa tidur,NEGATIVE,"{'label': 'NEGATIVE', 'score': 0.9803810715675354}",0.9803810715675354
Sun Aug 27 22:29:46 +0000 2023,1695926608388116805,au dah ini cocoki asu,0,0,0,0,in,1679722054789263360,1695926608388116805,eskupwinjuseyo,https://twitter.com/eskupwinjuseyo/status/1695926608388116805,au dah ini cocoki asu,"['au', 'dah', 'ini', 'cocoki', 'asu']","['tahu', 'sudah', 'ini', 'cocoki', 'asu']","['cocoki', 'asu']",cocok asu,NEGATIVE,"{'label': 'NEGATIVE', 'score': 0.8720169067382812}",0.8720169067382812
Sun Aug 27 22:29:13 +0000 2023,1695926470437372177,"@I_cylindrica Pasti hari Senin mu indah kak. Aku lagi scroll tips cocoki hari ini, huhu",0,1,0,0,in,3425819507,1695818718897754544,slhanum_,https://twitter.com/slhanum_/status/1695926470437372177,pasti hari senin mu indah kak aku lagi scroll tips cocoki hari ini huhu,"['pasti', 'hari', 'senin', 'mu', 'indah', 'kak', 'aku', 'lagi', 'scroll', 'tips', 'cocoki', 'hari', 'ini', 'huhu']","['pasti', 'hari', 'senin', 'mu', 'indah', 'kak', 'saya', 'lagi', 'scroll', 'tips', 'cocoki', 'hari', 'ini', 'huhu']","['senin', 'mu', 'indah', 'kak', 'scroll', 'tips', 'cocoki', 'huhu']",senin mu indah kak scroll tips cocok huhu,NEGATIVE,"{'label': 'NEGATIVE', 'score': 0.9642370939254761}",0.9642370939254761
Sun Aug 27 22:27:09 +0000 2023,1695925948464644104,memulai hari senin dengan menang cocoki ü´† https://t.co/HqFrB9lau4,0,2,0,0,in,892816112315912192,1695818718897754544,I_cylindrica,https://twitter.com/I_cylindrica/status/1695925948464644104,memulai hari senin dengan menang cocoki,"['memulai', 'hari', 'senin', 'dengan', 'menang', 'cocoki']","['memulai', 'hari', 'senin', 'dengan', 'menang', 'cocoki']","['senin', 'menang', 'cocoki']",senin menang cocok,NEGATIVE,"{'label': 'NEGATIVE', 'score': 0.6304615139961243}",0.6304615139961243
Sun Aug 27 22:15:29 +0000 2023,1695923010652590199,@indahazhr_ Tapi temen gue ada yg 3x menang Cocoki üò≠,0,0,0,0,in,41380133,1695619332930428959,nindyabestari,https://twitter.com/nindyabestari/status/1695923010652590199,tapi temen gue ada yg 3x menang cocoki,"['tapi', 'temen', 'gue', 'ada', 'yg', '3x', 'menang', 'cocoki']","['tetapi', 'temen', 'saya', 'ada', 'yang', '3x', 'menang', 'cocoki']","['temen', '3x', 'menang', 'cocoki']",temen 3x menang cocok,NEGATIVE,"{'label': 'NEGATIVE', 'score': 0.6121538281440735}",0.6121538281440735
Sun Aug 27 22:07:54 +0000 2023,1695921104081351136,‚Äúdia lebih cantik‚Äù  - owh  ‚Äúdia lebih pinter‚Äù - owh  ‚Äúdia bisa menang cocoki‚Äù - üò≠üò≠üò≠,0,0,0,0,in,1132685591567462402,1695921104081351136,_kkeshii,https://twitter.com/_kkeshii/status/1695921104081351136,dia lebih cantik owh dia lebih pinter owh dia bisa menang cocoki,"['dia', 'lebih', 'cantik', 'owh', 'dia', 'lebih', 'pinter', 'owh', 'dia', 'bisa', 'menang', 'cocoki']","['dia', 'lebih', 'cantik', 'owh', 'dia', 'lebih', 'pinter', 'owh', 'dia', 'bisa', 'menang', 'cocoki']","['cantik', 'owh', 'pinter', 'owh', 'menang', 'cocoki']",cantik owh pinter owh menang cocok,NEGATIVE,"{'label': 'NEGATIVE', 'score': 0.9781554341316223}",0.9781554341316223
Sun Aug 27 21:56:50 +0000 2023,1695918317348028716,"menang ke sebelas kali  shopee cocoki senin, 28 agustus 2023 üèÜ https://t.co/c4TuH1W7PT",0,2,0,0,in,91371264,1688903898713751553,ceciliamanda,https://twitter.com/ceciliamanda/status/1695918317348028716,menang ke sebelas kali shopee cocoki senin 28 agustus 2023,"['menang', 'ke', 'sebelas', 'kali', 'shopee', 'cocoki', 'senin', '28', 'agustus', '2023']","['menang', 'ke', 'sebelas', 'kali', 'shopee', 'cocoki', 'senin', '28', 'agustus', '2023']","['menang', 'sebelas', 'kali', 'shopee', 'cocoki', 'senin', '28', 'agustus', '2023']",menang sebelas kali shopee cocok senin 28 agustus 2023,NEGATIVE,"{'label': 'NEGATIVE', 'score': 0.8660433292388916}",0.8660433292388916
Sun Aug 27 21:45:42 +0000 2023,1695915517956256249,"blm pernah, ngeselin itu cocoki ditimpa timpa jadi susah masanginnya",0,0,0,0,in,1249329643938668544,1695915517956256249,ciaaforger,https://twitter.com/ciaaforger/status/1695915517956256249,blm pernah ngeselin itu cocoki ditimpa timpa jadi susah masanginnya,"['blm', 'pernah', 'ngeselin', 'itu', 'cocoki', 'ditimpa', 'timpa', 'jadi', 'susah', 'masanginnya']","['belum', 'pernah', 'ngeselin', 'itu', 'cocoki', 'ditimpa', 'timpa', 'jadi', 'susah', 'masanginnya']","['ngeselin', 'cocoki', 'ditimpa', 'timpa', 'susah', 'masanginnya']",ngeselin cocok timpa timpa susah masanginnya,NEGATIVE,"{'label': 'NEGATIVE', 'score': 0.9841170907020569}",0.9841170907020569
Sun Aug 27 21:41:04 +0000 2023,1695914350199095668,"emang boleh gitu sama kayak kemarin,  tapi cocoki hari ini lumayan https://t.co/MnljQXfYLQ",0,0,0,0,in,1474581021144150020,1695914350199095668,akumaum3,https://twitter.com/akumaum3/status/1695914350199095668,emang boleh gitu sama kayak kemarin tapi cocoki hari ini lumayan,"['emang', 'boleh', 'gitu', 'sama', 'kayak', 'kemarin', 'tapi', 'cocoki', 'hari', 'ini', 'lumayan']","['emang', 'boleh', 'begitu', 'sama', 'seperti', 'kemarin', 'tetapi', 'cocoki', 'hari', 'ini', 'lumayan']","['emang', 'kemarin', 'cocoki', 'lumayan']",emang kemarin cocok lumayan,NEGATIVE,"{'label': 'NEGATIVE', 'score': 0.573846697807312}",0.573846697807312
Sun Aug 27 21:27:26 +0000 2023,1695910918302191838,"@scanofhyuk Bang, selain cocoki lo main game lain gak? üòÖ",0,1,0,0,in,1590707956253097984,1695908022231654552,scanofjeno,https://twitter.com/scanofjeno/status/1695910918302191838,bang selain cocoki lo main game lain gak,"['bang', 'selain', 'cocoki', 'lo', 'main', 'game', 'lain', 'gak']","['bang', 'selain', 'cocoki', 'lo', 'main', 'game', 'lain', 'tidak']","['bang', 'cocoki', 'lo', 'main', 'game']",bang cocok lo main game,POSITIVE,"{'label': 'POSITIVE', 'score': 0.9870154857635498}",0.9870154857635498
Sun Aug 27 21:18:15 +0000 2023,1695908610470252648,@coastbycoastt shopee cocoki yg betul,0,0,0,0,in,239653144,1695907494714036511,pingkynaa,https://twitter.com/pingkynaa/status/1695908610470252648,shopee cocoki yg betul,"['shopee', 'cocoki', 'yg', 'betul']","['shopee', 'cocoki', 'yang', 'betul']","['shopee', 'cocoki']",shopee cocok,NEGATIVE,"{'label': 'NEGATIVE', 'score': 0.9837207794189453}",0.9837207794189453
Sun Aug 27 20:47:14 +0000 2023,1695900804212003213,@melovebun Bukannya makin stress kalau main cocoki üò≠,0,1,0,0,in,2309502198,1695863256190230847,blissofaurora,https://twitter.com/blissofaurora/status/1695900804212003213,bukannya makin stress kalau main cocoki,"['bukannya', 'makin', 'stress', 'kalau', 'main', 'cocoki']","['bukannya', 'makin', 'stress', 'kalau', 'main', 'cocoki']","['stress', 'main', 'cocoki']",stress main cocok,NEGATIVE,"{'label': 'NEGATIVE', 'score': 0.9763661623001099}",0.9763661623001099
Sun Aug 27 20:46:52 +0000 2023,1695900712012767615,Cocoki ini bener bener bikin stres jancokkkk,0,0,0,1,in,1300429987959332864,1695900712012767615,inhyukbb_,https://twitter.com/inhyukbb_/status/1695900712012767615,cocoki ini bener bener bikin stres jancokkkk,"['cocoki', 'ini', 'bener', 'bener', 'bikin', 'stres', 'jancokkkk']","['cocoki', 'ini', 'benar', 'benar', 'bikin', 'stres', 'jancokkkk']","['cocoki', 'bikin', 'stres', 'jancokkkk']",cocok bikin stres jancokkkk,NEGATIVE,"{'label': 'NEGATIVE', 'score': 0.9839994311332703}",0.9839994311332703
Sun Aug 27 20:35:43 +0000 2023,1695897904177987626,cocoki hari ini cuma sekali percobaan woyy!! üò≠ü§ü https://t.co/nkojIjhCKB,0,0,0,0,in,1310568863717707776,1695897904177987626,deeyri,https://twitter.com/deeyri/status/1695897904177987626,cocoki hari ini cuma sekali percobaan woyy,"['cocoki', 'hari', 'ini', 'cuma', 'sekali', 'percobaan', 'woyy']","['cocoki', 'hari', 'ini', 'cuma', 'sekali', 'percobaan', 'woyy']","['cocoki', 'percobaan', 'woyy']",cocok coba woyy,NEGATIVE,"{'label': 'NEGATIVE', 'score': 0.9892459511756897}",0.9892459511756897
Sun Aug 27 20:33:22 +0000 2023,1695897313322131677,@ShopeeID Emang boleh cocoki hari ini se ez ini https://t.co/JH6nOvJEmJ,0,1,0,0,in,272354646,1682288650627985411,apdillah_akbar,https://twitter.com/apdillah_akbar/status/1695897313322131677,emang boleh cocoki hari ini se ez ini,"['emang', 'boleh', 'cocoki', 'hari', 'ini', 'se', 'ez', 'ini']","['emang', 'boleh', 'cocoki', 'hari', 'ini', 'se', 'mudah', 'ini']","['emang', 'cocoki', 'mudah']",emang cocok mudah,NEGATIVE,"{'label': 'NEGATIVE', 'score': 0.9793861508369446}",0.9793861508369446
Sun Aug 27 20:02:46 +0000 2023,1695889612378624175,jd kecanduan cocoki,0,0,0,0,in,1206140097474646016,1695889612378624175,cintanau,https://twitter.com/cintanau/status/1695889612378624175,jd kecanduan cocoki,"['jd', 'kecanduan', 'cocoki']","['jadi', 'kecanduan', 'cocoki']","['kecanduan', 'cocoki']",candu cocok,NEGATIVE,"{'label': 'NEGATIVE', 'score': 0.8513793349266052}",0.8513793349266052
Sun Aug 27 19:54:14 +0000 2023,1695887464274260092,kalo udah pusing main puzzle ya main cocoki biar makin pusing,0,0,0,0,in,1412356604066861064,1695887464274260092,iwuffyoubb,https://twitter.com/iwuffyoubb/status/1695887464274260092,kalo udah pusing main puzzle ya main cocoki biar makin pusing,"['kalo', 'udah', 'pusing', 'main', 'puzzle', 'ya', 'main', 'cocoki', 'biar', 'makin', 'pusing']","['kalau', 'sudah', 'pusing', 'main', 'puzzle', 'ya', 'main', 'cocoki', 'biar', 'makin', 'pusing']","['pusing', 'main', 'puzzle', 'ya', 'main', 'cocoki', 'pusing']",pusing main puzzle ya main cocok pusing,NEGATIVE,"{'label': 'NEGATIVE', 'score': 0.9939646124839783}",0.9939646124839783
Sun Aug 27 19:40:49 +0000 2023,1695884087947563343,"@Sidooeellll Itu ga perlu mikir.  Ngerjain cocoki dpt 10k, ngerjain skripsi dpt puyeng doang, keluar 10k pula buat print",0,0,0,1,in,478420903,1695725714115641628,aaaralk,https://twitter.com/aaaralk/status/1695884087947563343,itu ga perlu mikir ngerjain cocoki dpt 10k ngerjain skripsi dpt puyeng doang keluar 10k pula buat print,"['itu', 'ga', 'perlu', 'mikir', 'ngerjain', 'cocoki', 'dpt', '10k', 'ngerjain', 'skripsi', 'dpt', 'puyeng', 'doang', 'keluar', '10k', 'pula', 'buat', 'print']","['itu', 'tidak', 'perlu', 'mikir', 'ngerjain', 'cocoki', 'dapat', '10k', 'ngerjain', 'skripsi', 'dapat', 'puyeng', 'doang', 'keluar', '10k', 'pula', 'buat', 'print']","['mikir', 'ngerjain', 'cocoki', '10k', 'ngerjain', 'skripsi', 'puyeng', 'doang', '10k', 'print']",mikir ngerjain cocok 10k ngerjain skripsi puyeng doang 10k print,NEGATIVE,"{'label': 'NEGATIVE', 'score': 0.9874239563941956}",0.9874239563941956
Sun Aug 27 19:35:11 +0000 2023,1695882669492683128,ya allah nangis pertama kali menang cocoki selama masa periodeüò≠üò≠üò≠ https://t.co/HnGggdCOmh,0,0,0,0,in,2605288183,1695882669492683128,zupperkeju,https://twitter.com/zupperkeju/status/1695882669492683128,ya allah nangis pertama kali menang cocoki selama masa periode,"['ya', 'allah', 'nangis', 'pertama', 'kali', 'menang', 'cocoki', 'selama', 'masa', 'periode']","['ya', 'allah', 'nangis', 'pertama', 'kali', 'menang', 'cocoki', 'selama', 'masa', 'periode']","['ya', 'allah', 'nangis', 'kali', 'menang', 'cocoki', 'periode']",ya allah nang kali menang cocok periode,NEGATIVE,"{'label': 'NEGATIVE', 'score': 0.9388576745986938}",0.9388576745986938
Sun Aug 27 19:14:33 +0000 2023,1695877480668930292,malem malem gini enaknya main cocoki,0,2,0,0,in,1561012242421673989,1695877480668930292,sonofathenaaa,https://twitter.com/sonofathenaaa/status/1695877480668930292,malem malem gini enaknya main cocoki,"['malem', 'malem', 'gini', 'enaknya', 'main', 'cocoki']","['malem', 'malem', 'gini', 'enaknya', 'main', 'cocoki']","['malem', 'malem', 'gini', 'enaknya', 'main', 'cocoki']",malem malem gin enak main cocok,NEGATIVE,"{'label': 'NEGATIVE', 'score': 0.851017415523529}",0.851017415523529
Sun Aug 27 19:09:42 +0000 2023,1695876257324708295,Ikutan emosi main shopee cocoki üôèüèª,0,0,0,0,in,1506834327698505734,1695876257324708295,kantinque,https://twitter.com/kantinque/status/1695876257324708295,ikutan emosi main shopee cocoki,"['ikutan', 'emosi', 'main', 'shopee', 'cocoki']","['ikutan', 'emosi', 'main', 'shopee', 'cocoki']","['ikutan', 'emosi', 'main', 'shopee', 'cocoki']",ikut emosi main shopee cocok,NEGATIVE,"{'label': 'NEGATIVE', 'score': 0.9801701903343201}",0.9801701903343201
Sun Aug 27 19:09:40 +0000 2023,1695876249045110832,kapan ak menang cocokiüòî,0,0,0,2,in,1596213178870165504,1695876249045110832,alfarkive,https://twitter.com/alfarkive/status/1695876249045110832,kapan ak menang cocoki,"['kapan', 'ak', 'menang', 'cocoki']","['kapan', 'saya', 'menang', 'cocoki']","['menang', 'cocoki']",menang cocok,NEGATIVE,"{'label': 'NEGATIVE', 'score': 0.7033474445343018}",0.7033474445343018
Sun Aug 27 19:04:32 +0000 2023,1695874958478762111,Hpku ngelag ketoke kebanyakan main cocoki sama liatin video yeji,0,2,0,0,in,177475631,1695874958478762111,freckledshadow,https://twitter.com/freckledshadow/status/1695874958478762111,hpku ngelag ketoke kebanyakan main cocoki sama liatin video yeji,"['hpku', 'ngelag', 'ketoke', 'kebanyakan', 'main', 'cocoki', 'sama', 'liatin', 'video', 'yeji']","['hpku', 'ngelag', 'ketoke', 'kebanyakan', 'main', 'cocoki', 'sama', 'liatin', 'video', 'yeji']","['hpku', 'ngelag', 'ketoke', 'kebanyakan', 'main', 'cocoki', 'liatin', 'video', 'yeji']",hpku ngelag toke banyak main cocok liatin video yeji,NEGATIVE,"{'label': 'NEGATIVE', 'score': 0.9904305338859558}",0.9904305338859558
Sun Aug 27 19:02:05 +0000 2023,1695874340821377388,Merasa dekat akan tetapi sebenarnya tidak begitu dekat.  Begitulah yang diajarkan shopee cocoki,0,1,1,0,in,1148527315413897216,1695874340821377388,Misbahuddin00,https://twitter.com/Misbahuddin00/status/1695874340821377388,merasa dekat akan tetapi sebenarnya tidak begitu dekat begitulah yang diajarkan shopee cocoki,"['merasa', 'dekat', 'akan', 'tetapi', 'sebenarnya', 'tidak', 'begitu', 'dekat', 'begitulah', 'yang', 'diajarkan', 'shopee', 'cocoki']","['merasa', 'dekat', 'akan', 'tetapi', 'sebenarnya', 'tidak', 'begitu', 'dekat', 'begitulah', 'yang', 'diajarkan', 'shopee', 'cocoki']","['diajarkan', 'shopee', 'cocoki']",ajar shopee cocok,NEGATIVE,"{'label': 'NEGATIVE', 'score': 0.9772351384162903}",0.9772351384162903
Sun Aug 27 18:57:46 +0000 2023,1695873254517588304,hidup lagi pusing pusingnya malah main shopee cocoki,0,0,0,0,in,1555660138190893056,1695873254517588304,amatirlover,https://twitter.com/amatirlover/status/1695873254517588304,hidup lagi pusing pusingnya malah main shopee cocoki,"['hidup', 'lagi', 'pusing', 'pusingnya', 'malah', 'main', 'shopee', 'cocoki']","['hidup', 'lagi', 'pusing', 'pusingnya', 'malah', 'main', 'shopee', 'cocoki']","['hidup', 'pusing', 'pusingnya', 'main', 'shopee', 'cocoki']",hidup pusing pusing main shopee cocok,NEGATIVE,"{'label': 'NEGATIVE', 'score': 0.9934791326522827}",0.9934791326522827
Sun Aug 27 18:53:16 +0000 2023,1695872122562957689,"@dorinoring @Stray_Kids yasuda selamat menghadapi stress nya cocoki, ak muk tidur duluan yh",0,1,0,0,in,1364098105570775046,1695867484040225164,le3know,https://twitter.com/le3know/status/1695872122562957689,yasuda selamat menghadapi stress nya cocoki ak muk tidur duluan yh,"['yasuda', 'selamat', 'menghadapi', 'stress', 'nya', 'cocoki', 'ak', 'muk', 'tidur', 'duluan', 'yh']","['yasuda', 'selamat', 'menghadapi', 'stress', 'nya', 'cocoki', 'saya', 'muk', 'tidur', 'duluan', 'yh']","['yasuda', 'selamat', 'menghadapi', 'stress', 'cocoki', 'muk', 'tidur', 'duluan', 'yh']",yasuda selamat hadap stress cocok muk tidur duluan yh,NEGATIVE,"{'label': 'NEGATIVE', 'score': 0.9883827567100525}",0.9883827567100525
Sun Aug 27 18:51:06 +0000 2023,1695871579551617430,@D0YUNIVERSE Masih main cocoki‚ò∫Ô∏è,0,0,0,0,in,1514806739488542727,1695861973538504991,kimdobbysa,https://twitter.com/kimdobbysa/status/1695871579551617430,masih main cocoki,"['masih', 'main', 'cocoki']","['masih', 'main', 'cocoki']","['main', 'cocoki']",main cocok,NEGATIVE,"{'label': 'NEGATIVE', 'score': 0.6636968851089478}",0.6636968851089478
Sun Aug 27 18:47:44 +0000 2023,1695870730205102248,"@le3know @Stray_Kids Bentar lg, mau coba main cocoki",0,1,0,0,in,1534483049827938305,1695867484040225164,dorinoring,https://twitter.com/dorinoring/status/1695870730205102248,bentar lg mau coba main cocoki,"['bentar', 'lg', 'mau', 'coba', 'main', 'cocoki']","['bentar', 'Sedang', 'mau', 'coba', 'main', 'cocoki']","['bentar', 'Sedang', 'coba', 'main', 'cocoki']",bentar sedang coba main cocok,NEGATIVE,"{'label': 'NEGATIVE', 'score': 0.8748472929000854}",0.8748472929000854
Sun Aug 27 18:47:18 +0000 2023,1695870620557533426,jam segini mau buka cocoki apa lupa besok senin?????,0,1,0,0,in,301857603,1695870620557533426,14_0852,https://twitter.com/14_0852/status/1695870620557533426,jam segini mau buka cocoki apa lupa besok senin,"['jam', 'segini', 'mau', 'buka', 'cocoki', 'apa', 'lupa', 'besok', 'senin']","['jam', 'segini', 'mau', 'buka', 'cocoki', 'apa', 'lupa', 'besok', 'senin']","['jam', 'segini', 'buka', 'cocoki', 'lupa', 'besok', 'senin']",jam gin buka cocok lupa besok senin,NEGATIVE,"{'label': 'NEGATIVE', 'score': 0.947777271270752}",0.947777271270752
Sun Aug 27 18:46:45 +0000 2023,1695870483701625318,"Cocoki 28 agustus. Kemenangan ke 14 setelah 2hr frustasi gk menang. Hari ini gampang gaes, 3x percobaan sambil jaga malem https://t.co/vBHkjXMmqC",2,1,2,9,in,105425672,1695870483701625318,smirk_bin,https://twitter.com/smirk_bin/status/1695870483701625318,cocoki 28 agustus kemenangan ke 14 setelah 2hr frustasi gk menang hari ini gampang gaes 3x percobaan sambil jaga malem,"['cocoki', '28', 'agustus', 'kemenangan', 'ke', '14', 'setelah', '2hr', 'frustasi', 'gk', 'menang', 'hari', 'ini', 'gampang', 'gaes', '3x', 'percobaan', 'sambil', 'jaga', 'malem']","['cocoki', '28', 'agustus', 'kemenangan', 'ke', '14', 'setelah', '2hr', 'frustasi', 'tidak', 'menang', 'hari', 'ini', 'gampang', 'gaes', '3x', 'percobaan', 'sambil', 'jaga', 'malem']","['cocoki', '28', 'agustus', 'kemenangan', '14', '2hr', 'frustasi', 'menang', 'gampang', 'gaes', '3x', 'percobaan', 'jaga', 'malem']",cocok 28 agustus menang 14 2hr frustasi menang gampang gaes 3x coba jaga malem,NEGATIVE,"{'label': 'NEGATIVE', 'score': 0.9884042739868164}",0.9884042739868164
Sun Aug 27 18:46:29 +0000 2023,1695870413967069392,Idup lagi stres2 nya di tambah main shopee cocokiüôè,0,0,0,0,in,1620495299063193600,1695870413967069392,sahabatrosul2,https://twitter.com/sahabatrosul2/status/1695870413967069392,idup lagi stres2 nya di tambah main shopee cocoki,"['idup', 'lagi', 'stres2', 'nya', 'di', 'tambah', 'main', 'shopee', 'cocoki']","['hidup', 'lagi', 'stres2', 'nya', 'di', 'tambah', 'main', 'shopee', 'cocoki']","['hidup', 'stres2', 'main', 'shopee', 'cocoki']",hidup stres2 main shopee cocok,NEGATIVE,"{'label': 'NEGATIVE', 'score': 0.9932530522346497}",0.9932530522346497
Sun Aug 27 18:45:23 +0000 2023,1695870138933981495,"kl main shopee cocoki jam segini, stress ga yahh???",0,0,0,0,in,1150420949168115713,1695870138933981495,veachyjh,https://twitter.com/veachyjh/status/1695870138933981495,kl main shopee cocoki jam segini stress ga yahh,"['kl', 'main', 'shopee', 'cocoki', 'jam', 'segini', 'stress', 'ga', 'yahh']","['kl', 'main', 'shopee', 'cocoki', 'jam', 'segini', 'stress', 'tidak', 'yahh']","['kl', 'main', 'shopee', 'cocoki', 'jam', 'segini', 'stress', 'yahh']",kl main shopee cocok jam gin stress yahh,NEGATIVE,"{'label': 'NEGATIVE', 'score': 0.990390419960022}",0.990390419960022
Sun Aug 27 18:38:45 +0000 2023,1695868470632890785,"-ness lagi gabisa tidur malah nekat main cocoki, tambah gila lah aku https://t.co/xtmkqNpiV2",0,3,0,6,in,1187284958370398209,1695868470632890785,unnesmenfess,https://twitter.com/unnesmenfess/status/1695868470632890785,ness lagi gabisa tidur malah nekat main cocoki tambah gila lah aku,"['ness', 'lagi', 'gabisa', 'tidur', 'malah', 'nekat', 'main', 'cocoki', 'tambah', 'gila', 'lah', 'aku']","['ness', 'lagi', 'gabisa', 'tidur', 'malah', 'nekat', 'main', 'cocoki', 'tambah', 'gila', 'lah', 'saya']","['ness', 'gabisa', 'tidur', 'nekat', 'main', 'cocoki', 'gila']",ness gabisa tidur nekat main cocok gila,NEGATIVE,"{'label': 'NEGATIVE', 'score': 0.9788805842399597}",0.9788805842399597
Sun Aug 27 18:37:59 +0000 2023,1695868277162147978,"@sosmedkeras Nyiram tanaman shopee, shopee cocoki, shopee pet üôÇ",0,0,0,0,in,1216031384214458368,1695425332596408618,el_lily14,https://twitter.com/el_lily14/status/1695868277162147978,nyiram tanaman shopee shopee cocoki shopee pet,"['nyiram', 'tanaman', 'shopee', 'shopee', 'cocoki', 'shopee', 'pet']","['nyiram', 'tanaman', 'shopee', 'shopee', 'cocoki', 'shopee', 'pet']","['nyiram', 'tanaman', 'shopee', 'shopee', 'cocoki', 'shopee', 'pet']",nyiram tanam shopee shopee cocok shopee pet,NEGATIVE,"{'label': 'NEGATIVE', 'score': 0.9747878313064575}",0.9747878313064575
Sun Aug 27 18:34:41 +0000 2023,1695867444819374245,"Tidur!!! Jangan buka Shopee mulu, apalagi Shopee Cocokiüò≠ https://t.co/BBuwzBvGBg",0,0,0,0,in,1608498782328741894,1695867444819374245,diskonshopeetwt,https://twitter.com/diskonshopeetwt/status/1695867444819374245,tidur jangan buka shopee mulu apalagi shopee cocoki,"['tidur', 'jangan', 'buka', 'shopee', 'mulu', 'apalagi', 'shopee', 'cocoki']","['tidur', 'jangan', 'buka', 'shopee', 'mulu', 'apalagi', 'shopee', 'cocoki']","['tidur', 'buka', 'shopee', 'mulu', 'shopee', 'cocoki']",tidur buka shopee mulu shopee cocok,NEGATIVE,"{'label': 'NEGATIVE', 'score': 0.9837433695793152}",0.9837433695793152
Sun Aug 27 18:34:30 +0000 2023,1695867400548385173,"yang mau order masih bisa dm aku yaa, daci kosplei warung madura üòé kalo belum dibales berarti aku sibuk main cocoki atauga ketiduran gara gara main cocoki",0,0,0,0,in,2756404269,1695867400548385173,dcaffodil,https://twitter.com/dcaffodil/status/1695867400548385173,yang mau order masih bisa dm aku yaa daci kosplei warung madura kalo belum dibales berarti aku sibuk main cocoki atauga ketiduran gara gara main cocoki,"['yang', 'mau', 'order', 'masih', 'bisa', 'dm', 'aku', 'yaa', 'daci', 'kosplei', 'warung', 'madura', 'kalo', 'belum', 'dibales', 'berarti', 'aku', 'sibuk', 'main', 'cocoki', 'atauga', 'ketiduran', 'gara', 'gara', 'main', 'cocoki']","['yang', 'mau', 'order', 'masih', 'bisa', 'dm', 'saya', 'yaa', 'daci', 'kosplei', 'warung', 'madura', 'kalau', 'belum', 'dibales', 'berarti', 'saya', 'sibuk', 'main', 'cocoki', 'atauga', 'ketiduran', 'gara', 'gara', 'main', 'cocoki']","['order', 'dm', 'yaa', 'daci', 'kosplei', 'warung', 'madura', 'dibales', 'sibuk', 'main', 'cocoki', 'atauga', 'ketiduran', 'gara', 'gara', 'main', 'cocoki']",order dm yaa daci kosplei warung madura dibales sibuk main cocok atauga tidur gara gara main cocok,NEGATIVE,"{'label': 'NEGATIVE', 'score': 0.9966248273849487}",0.9966248273849487
Sun Aug 27 18:33:02 +0000 2023,1695867032305356881,@ciloqciliq w baru kelar maraton sopi cocoki cil dari jam 22.02 :(,0,0,0,0,in,1221912718996697088,1695866242849206370,ahmadshbrn_,https://twitter.com/ahmadshbrn_/status/1695867032305356881,baru kelar maraton sopi cocoki cil dari jam 2202,"['baru', 'kelar', 'maraton', 'sopi', 'cocoki', 'cil', 'dari', 'jam', '2202']","['baru', 'kelar', 'marathon', 'shopee', 'cocoki', 'cil', 'dari', 'jam', '2202']","['kelar', 'marathon', 'shopee', 'cocoki', 'cil', 'jam', '2202']",kelar marathon shopee cocok cil jam 2202,NEGATIVE,"{'label': 'NEGATIVE', 'score': 0.9789091348648071}",0.9789091348648071
Sun Aug 27 18:33:01 +0000 2023,1695867025091142129,Shopee cocoki,0,1,0,0,en,104778322,1695867025091142129,rgntj,https://twitter.com/rgntj/status/1695867025091142129,shopee cocoki,"['shopee', 'cocoki']","['shopee', 'cocoki']","['shopee', 'cocoki']",shopee cocok,NEGATIVE,"{'label': 'NEGATIVE', 'score': 0.9837207794189453}",0.9837207794189453
Sun Aug 27 18:28:01 +0000 2023,1695865770214134153,"@convomfs aku gak main cocoki aja udah stress, nder üôè",0,0,0,0,in,1216724494061957120,1695821376803033138,pageofnyang,https://twitter.com/pageofnyang/status/1695865770214134153,aku gak main cocoki aja udah stress nder,"['aku', 'gak', 'main', 'cocoki', 'aja', 'udah', 'stress', 'nder']","['saya', 'tidak', 'main', 'cocoki', 'saja', 'sudah', 'stress', 'nder']","['main', 'cocoki', 'stress', 'nder']",main cocok stress nder,NEGATIVE,"{'label': 'NEGATIVE', 'score': 0.9870564937591553}",0.9870564937591553
Sun Aug 27 18:26:55 +0000 2023,1695865489640300652,Abcdefu shopee cocoki https://t.co/BVhnQDqBBY,0,0,0,0,en,1644038004317753344,1695865489640300652,aisyariin,https://twitter.com/aisyariin/status/1695865489640300652,abcdefu shopee cocoki,"['abcdefu', 'shopee', 'cocoki']","['abcdefu', 'shopee', 'cocoki']","['abcdefu', 'shopee', 'cocoki']",abcdefu shopee cocok,NEGATIVE,"{'label': 'NEGATIVE', 'score': 0.9938501119613647}",0.9938501119613647
Sun Aug 27 18:24:28 +0000 2023,1695864874818232680,@alphabetha009 itu bae biar lu kgk bakal maem cocoki lgi,0,0,0,0,in,1300580331204952067,1695814122863301039,menacry,https://twitter.com/menacry/status/1695864874818232680,itu bae biar lu kgk bakal maem cocoki lgi,"['itu', 'bae', 'biar', 'lu', 'kgk', 'bakal', 'maem', 'cocoki', 'lgi']","['itu', 'bae', 'biar', 'lu', 'tidak', 'bakal', 'makan', 'cocoki', 'Sedang']","['bae', 'lu', 'makan', 'cocoki', 'Sedang']",bae lu makan cocok sedang,NEGATIVE,"{'label': 'NEGATIVE', 'score': 0.9558927416801453}",0.9558927416801453
Sun Aug 27 18:23:50 +0000 2023,1695864717343154639,"wihh cocoki tudey mayan mudah, terpantau besok bakal gabut. https://t.co/lCJueSR2wZ",0,0,0,0,in,2380023020,1695864717343154639,jinggamuu,https://twitter.com/jinggamuu/status/1695864717343154639,wihh cocoki tudey mayan mudah terpantau besok bakal gabut,"['wihh', 'cocoki', 'tudey', 'mayan', 'mudah', 'terpantau', 'besok', 'bakal', 'gabut']","['wihh', 'cocoki', 'tudey', 'mayan', 'mudah', 'terpantau', 'besok', 'bakal', 'gabut']","['wihh', 'cocoki', 'tudey', 'mayan', 'mudah', 'terpantau', 'besok', 'gabut']",wihh cocok tudey mayan mudah pantau besok gabut,NEGATIVE,"{'label': 'NEGATIVE', 'score': 0.9906258583068848}",0.9906258583068848
Sun Aug 27 18:23:35 +0000 2023,1695864654231429522,"shopee cocoki hari ini gak gue rekam anjeenggggg. first try langsung selesai, niatnya mau cari tau di mana palungnya dulu, eh malah kelar :'  tapi ini agak gampang hari ini, maennya cuma bagian atas aja (tentunya dari pinggirannya dulu)+tumpukan yg kayak balok. udah, gitu aja. https://t.co/hqaUiWV6Ld",0,0,0,0,in,2362763757,1695864654231429522,copaceticccc,https://twitter.com/copaceticccc/status/1695864654231429522,shopee cocoki hari ini gak gue rekam anjeenggggg first try langsung selesai niatnya mau cari tau di mana palungnya dulu eh malah kelar tapi ini agak gampang hari ini maennya cuma bagian atas aja tentunya dari pinggirannya dulutumpukan yg kayak balok udah gitu aja,"['shopee', 'cocoki', 'hari', 'ini', 'gak', 'gue', 'rekam', 'anjeenggggg', 'first', 'try', 'langsung', 'selesai', 'niatnya', 'mau', 'cari', 'tau', 'di', 'mana', 'palungnya', 'dulu', 'eh', 'malah', 'kelar', 'tapi', 'ini', 'agak', 'gampang', 'hari', 'ini', 'maennya', 'cuma', 'bagian', 'atas', 'aja', 'tentunya', 'dari', 'pinggirannya', 'dulutumpukan', 'yg', 'kayak', 'balok', 'udah', 'gitu', 'aja']","['shopee', 'cocoki', 'hari', 'ini', 'tidak', 'saya', 'rekam', 'anjing', 'first', 'try', 'langsung', 'selesai', 'niatnya', 'mau', 'cari', 'tahu', 'di', 'mana', 'palungnya', 'dulu', 'eh', 'malah', 'kelar', 'tetapi', 'ini', 'agak', 'gampang', 'hari', 'ini', 'maennya', 'cuma', 'bagian', 'atas', 'saja', 'tentunya', 'dari', 'pinggirannya', 'dulutumpukan', 'yang', 'seperti', 'balok', 'sudah', 'begitu', 'saja']","['shopee', 'cocoki', 'rekam', 'anjing', 'first', 'try', 'langsung', 'selesai', 'niatnya', 'cari', 'palungnya', 'kelar', 'gampang', 'maennya', 'pinggirannya', 'dulutumpukan', 'balok']",shopee cocok rekam anjing first try langsung selesai niat cari palung kelar gampang maennya pinggir dulutumpukan balok,NEGATIVE,"{'label': 'NEGATIVE', 'score': 0.9876041412353516}",0.9876041412353516
Sun Aug 27 18:18:25 +0000 2023,1695863353963622890,gw bingung banget ada temen yg menang cocoki sampe enam kali????,0,0,0,0,in,1393452114332946437,1695861503273115734,mirxxn,https://twitter.com/mirxxn/status/1695863353963622890,gw bingung banget ada temen yg menang cocoki sampe enam kali,"['gw', 'bingung', 'banget', 'ada', 'temen', 'yg', 'menang', 'cocoki', 'sampe', 'enam', 'kali']","['gw', 'bingung', 'banget', 'ada', 'temen', 'yang', 'menang', 'cocoki', 'sampe', 'enam', 'kali']","['gw', 'bingung', 'banget', 'temen', 'menang', 'cocoki', 'sampe', 'enam', 'kali']",gw bingung banget temen menang cocok sampe enam kali,NEGATIVE,"{'label': 'NEGATIVE', 'score': 0.9270983338356018}",0.9270983338356018
Sun Aug 27 18:14:14 +0000 2023,1695862299498786930,Cocoki ngentot,0,3,0,3,in,573349703,1695862299498786930,underaliascj,https://twitter.com/underaliascj/status/1695862299498786930,cocoki ngentot,"['cocoki', 'ngentot']","['cocoki', 'ngentot']","['cocoki', 'ngentot']",cocok ngentot,NEGATIVE,"{'label': 'NEGATIVE', 'score': 0.9056960940361023}",0.9056960940361023
Sun Aug 27 18:13:30 +0000 2023,1695862117206020177,"setelah kemenangan perdana cocoki pasti ada kemenangan kedua, ketiga, dan seterusnya. aamiin paling serius ~27-8-2023 https://t.co/6E9EajkKKi",0,0,0,0,in,1266415816645283840,1695862117206020177,ftrdsmrntptr,https://twitter.com/ftrdsmrntptr/status/1695862117206020177,setelah kemenangan perdana cocoki pasti ada kemenangan kedua ketiga dan seterusnya aamiin paling serius 2782023,"['setelah', 'kemenangan', 'perdana', 'cocoki', 'pasti', 'ada', 'kemenangan', 'kedua', 'ketiga', 'dan', 'seterusnya', 'aamiin', 'paling', 'serius', '2782023']","['setelah', 'kemenangan', 'perdana', 'cocoki', 'pasti', 'ada', 'kemenangan', 'kedua', 'ketiga', 'dan', 'seterusnya', 'aamiin', 'paling', 'serius', '2782023']","['kemenangan', 'perdana', 'cocoki', 'kemenangan', 'ketiga', 'aamiin', 'serius', '2782023']",menang perdana cocok menang tiga aamiin serius 2782023,NEGATIVE,"{'label': 'NEGATIVE', 'score': 0.7517262101173401}",0.7517262101173401
Sun Aug 27 18:11:04 +0000 2023,1695861503273115734,hidup damai tanpa mengenal cocoki. Apa daya kemarin tergoda juga. Been haunted by lv 2 ever sinceüòä,0,1,0,0,in,1393452114332946437,1695861503273115734,mirxxn,https://twitter.com/mirxxn/status/1695861503273115734,hidup damai tanpa mengenal cocoki apa daya kemarin tergoda juga been haunted by lv 2 ever since,"['hidup', 'damai', 'tanpa', 'mengenal', 'cocoki', 'apa', 'daya', 'kemarin', 'tergoda', 'juga', 'been', 'haunted', 'by', 'lv', '2', 'ever', 'since']","['hidup', 'damai', 'tanpa', 'mengenal', 'cocoki', 'apa', 'daya', 'kemarin', 'tergoda', 'juga', 'been', 'haunted', 'by', 'lv', '2', 'ever', 'since']","['hidup', 'damai', 'mengenal', 'cocoki', 'daya', 'kemarin', 'tergoda', 'been', 'haunted', 'by', 'lv', '2', 'ever', 'since']",hidup damai kenal cocok daya kemarin goda been haunted by lv 2 ever since,NEGATIVE,"{'label': 'NEGATIVE', 'score': 0.990107536315918}",0.990107536315918
Sun Aug 27 18:08:57 +0000 2023,1695860971460612517,@convomf Main shopee cocoki :),0,0,0,0,en,1272861246610497536,1695848978812912121,maudipanggilay,https://twitter.com/maudipanggilay/status/1695860971460612517,main shopee cocoki,"['main', 'shopee', 'cocoki']","['main', 'shopee', 'cocoki']","['main', 'shopee', 'cocoki']",main shopee cocok,NEGATIVE,"{'label': 'NEGATIVE', 'score': 0.9360753297805786}",0.9360753297805786
Sun Aug 27 18:08:21 +0000 2023,1695860817789608055,saat ny cocoki,0,0,0,0,in,1233392986186080256,1695860817789608055,hokiiwin,https://twitter.com/hokiiwin/status/1695860817789608055,saat ny cocoki,"['saat', 'ny', 'cocoki']","['saat', 'nya', 'cocoki']",['cocoki'],cocok,NEGATIVE,"{'label': 'NEGATIVE', 'score': 0.8596155047416687}",0.8596155047416687
Sun Aug 27 18:04:02 +0000 2023,1695859732375081025,monyett sekarang level 2 cocoki juga udah susah ya stress amat mending uninstall sekalian,0,0,1,0,in,865076207053754368,1695859732375081025,puputyahut,https://twitter.com/puputyahut/status/1695859732375081025,monyett sekarang level 2 cocoki juga udah susah ya stress amat mending uninstall sekalian,"['monyett', 'sekarang', 'level', '2', 'cocoki', 'juga', 'udah', 'susah', 'ya', 'stress', 'amat', 'mending', 'uninstall', 'sekalian']","['monyet', 'sekarang', 'level', '2', 'cocoki', 'juga', 'sudah', 'susah', 'ya', 'stress', 'amat', 'mending', 'uninstall', 'sekalian']","['monyet', 'level', '2', 'cocoki', 'susah', 'ya', 'stress', 'mending', 'uninstall']",monyet level 2 cocok susah ya stress mending uninstall,NEGATIVE,"{'label': 'NEGATIVE', 'score': 0.9829450249671936}",0.9829450249671936
Sun Aug 27 18:03:30 +0000 2023,1695859599554085015,@oceansbelle astagaaaaa main cocoki kah? üò≠,0,1,0,0,in,1273440715318558721,1695836709865545824,knghoon,https://twitter.com/knghoon/status/1695859599554085015,astagaaaaa main cocoki kah,"['astagaaaaa', 'main', 'cocoki', 'kah']","['astaga', 'main', 'cocoki', 'kah']","['astaga', 'main', 'cocoki', 'kah']",astaga main cocok kah,NEGATIVE,"{'label': 'NEGATIVE', 'score': 0.9182538390159607}",0.9182538390159607
Sun Aug 27 18:00:58 +0000 2023,1695858962615427109,main cocoki gue jadi berenti wkwkwkw,0,0,0,0,in,1235395561848623108,1695858962615427109,burbiegurl,https://twitter.com/burbiegurl/status/1695858962615427109,main cocoki gue jadi berenti wkwkwkw,"['main', 'cocoki', 'gue', 'jadi', 'berenti', 'wkwkwkw']","['main', 'cocoki', 'saya', 'jadi', 'berhenti', 'wkwkwkw']","['main', 'cocoki', 'berhenti', 'wkwkwkw']",main cocok henti wkwkwkw,NEGATIVE,"{'label': 'NEGATIVE', 'score': 0.9630243182182312}",0.9630243182182312
Sun Aug 27 18:00:08 +0000 2023,1695858749507043333,"@tanyarlfes tile fun nder, versi gampangnya cocoki",0,0,0,0,in,1526742471522152448,1695857800105365582,anakpakhusen,https://twitter.com/anakpakhusen/status/1695858749507043333,tile fun nder versi gampangnya cocoki,"['tile', 'fun', 'nder', 'versi', 'gampangnya', 'cocoki']","['tile', 'fun', 'nder', 'versi', 'gampangnya', 'cocoki']","['tile', 'fun', 'nder', 'versi', 'gampangnya', 'cocoki']",tile fun nder versi gampang cocok,POSITIVE,"{'label': 'POSITIVE', 'score': 0.9665352702140808}",0.9665352702140808
Sun Aug 27 17:57:46 +0000 2023,1695858153957761264,"lena sehari¬≤, sakitpun tetep main cocoki, makanya tambah stress kuliat¬≤",0,0,0,1,in,1084066619217698816,1695858153957761264,oOacatalepsy,https://twitter.com/oOacatalepsy/status/1695858153957761264,lena sehari sakitpun tetep main cocoki makanya tambah stress kuliat,"['lena', 'sehari', 'sakitpun', 'tetep', 'main', 'cocoki', 'makanya', 'tambah', 'stress', 'kuliat']","['lena', 'sehari', 'sakitpun', 'tetep', 'main', 'cocoki', 'makanya', 'tambah', 'stress', 'kuliat']","['lena', 'sehari', 'sakitpun', 'tetep', 'main', 'cocoki', 'stress', 'kuliat']",lena hari sakit tetep main cocok stress liat,NEGATIVE,"{'label': 'NEGATIVE', 'score': 0.9812055826187134}",0.9812055826187134
Sun Aug 27 17:57:23 +0000 2023,1695858059619574041,@AlmatiarAU Bisa bgt sih aku bayangin Sheila main sopi cocoki sebelahan sm Sena. Pas kalah Senanya dipukulin. Giliran ditanya kenapa Sheila nya sewot ü§£,1,0,0,1,in,1292786389935783937,1695051840730407255,tinyfairies9395,https://twitter.com/tinyfairies9395/status/1695858059619574041,bisa bgt sih aku bayangin sheila main sopi cocoki sebelahan sm sena pas kalah senanya dipukulin giliran ditanya kenapa sheila nya sewot,"['bisa', 'bgt', 'sih', 'aku', 'bayangin', 'sheila', 'main', 'sopi', 'cocoki', 'sebelahan', 'sm', 'sena', 'pas', 'kalah', 'senanya', 'dipukulin', 'giliran', 'ditanya', 'kenapa', 'sheila', 'nya', 'sewot']","['bisa', 'banget', 'sih', 'saya', 'bayangin', 'sheila', 'main', 'shopee', 'cocoki', 'sebelahan', 'sama', 'sena', 'pas', 'kalah', 'senanya', 'dipukulin', 'giliran', 'ditanya', 'kenapa', 'sheila', 'nya', 'sewot']","['banget', 'sih', 'bayangin', 'sheila', 'main', 'shopee', 'cocoki', 'sebelahan', 'sena', 'pas', 'kalah', 'senanya', 'dipukulin', 'giliran', 'sheila', 'sewot']",banget sih bayangin sheila main shopee cocok belah sena pas kalah sena dipukulin gilir sheila sewot,NEGATIVE,"{'label': 'NEGATIVE', 'score': 0.9905726313591003}",0.9905726313591003
Sun Aug 27 17:55:19 +0000 2023,1695857539207086255,ni emang gabisa search yaa? pdhl mau nyari tips en trik main cocokiüòî,0,0,0,0,in,1102004663627337733,1695857539207086255,namirawrrrn,https://twitter.com/namirawrrrn/status/1695857539207086255,ni emang gabisa search yaa pdhl mau nyari tips en trik main cocoki,"['ni', 'emang', 'gabisa', 'search', 'yaa', 'pdhl', 'mau', 'nyari', 'tips', 'en', 'trik', 'main', 'cocoki']","['ini', 'emang', 'gabisa', 'search', 'yaa', 'pdhl', 'mau', 'nyari', 'tips', 'en', 'trik', 'main', 'cocoki']","['emang', 'gabisa', 'search', 'yaa', 'pdhl', 'nyari', 'tips', 'en', 'trik', 'main', 'cocoki']",emang gabisa search yaa pdhl nyari tips en trik main cocok,NEGATIVE,"{'label': 'NEGATIVE', 'score': 0.9935042262077332}",0.9935042262077332
Sun Aug 27 17:54:21 +0000 2023,1695857297799717329,HAHAHAHA AKHIRNYA GUA MENANG YA BANGSATTTTTT BERHARI2 GAPERNAH MENANG COCOKI ASUUU https://t.co/hs1bxmR4iN,0,1,0,0,in,1089945698630479872,1695857297799717329,noworhaenaforyu,https://twitter.com/noworhaenaforyu/status/1695857297799717329,hahahaha akhirnya gua menang ya bangsatttttt berhari2 gapernah menang cocoki asuuu,"['hahahaha', 'akhirnya', 'gua', 'menang', 'ya', 'bangsatttttt', 'berhari2', 'gapernah', 'menang', 'cocoki', 'asuuu']","['hahahaha', 'akhirnya', 'gua', 'menang', 'ya', 'bangsatttttt', 'berhari2', 'gapernah', 'menang', 'cocoki', 'anjing']","['hahahaha', 'gua', 'menang', 'ya', 'bangsatttttt', 'berhari2', 'gapernah', 'menang', 'cocoki', 'anjing']",hahahaha gua menang ya bangsatttttt berhari2 gapernah menang cocok anjing,NEGATIVE,"{'label': 'NEGATIVE', 'score': 0.9889976382255554}",0.9889976382255554
Sun Aug 27 17:51:02 +0000 2023,1695856459178004606,agak gila baru pertama kali nyoba gim cocoki sampe ketagihan n frustrasi (udh gila sih),0,1,0,0,in,1303343371226722310,1695856459178004606,cheesyea,https://twitter.com/cheesyea/status/1695856459178004606,agak gila baru pertama kali nyoba gim cocoki sampe ketagihan frustrasi udh gila sih,"['agak', 'gila', 'baru', 'pertama', 'kali', 'nyoba', 'gim', 'cocoki', 'sampe', 'ketagihan', 'frustrasi', 'udh', 'gila', 'sih']","['agak', 'gila', 'baru', 'pertama', 'kali', 'nyoba', 'game', 'cocoki', 'sampe', 'ketagihan', 'frustrasi', 'sudah', 'gila', 'sih']","['gila', 'kali', 'nyoba', 'game', 'cocoki', 'sampe', 'ketagihan', 'frustrasi', 'gila', 'sih']",gila kali nyoba game cocok sampe tagih frustrasi gila sih,NEGATIVE,"{'label': 'NEGATIVE', 'score': 0.9897673726081848}",0.9897673726081848
Sun Aug 27 17:49:17 +0000 2023,1695856019434618957,"@convomfs Persis cocoki tapi lebih ramah. Sebelum shopee punya cocoki, w dah maen ini duluan (tapi historynya sering dihapus jd permainannya ga kesimpen, pdhl udah level jauh). Ada di https://t.co/AXR8M5Flq0 https://t.co/U2pF11HrEu",0,1,0,1,in,3112049371,1695821376803033138,shxnybulbasawr,https://twitter.com/shxnybulbasawr/status/1695856019434618957,persis cocoki tapi lebih ramah sebelum shopee punya cocoki dah maen ini duluan tapi historynya sering dihapus jd permainannya ga kesimpen pdhl udah level jauh ada di,"['persis', 'cocoki', 'tapi', 'lebih', 'ramah', 'sebelum', 'shopee', 'punya', 'cocoki', 'dah', 'maen', 'ini', 'duluan', 'tapi', 'historynya', 'sering', 'dihapus', 'jd', 'permainannya', 'ga', 'kesimpen', 'pdhl', 'udah', 'level', 'jauh', 'ada', 'di']","['persis', 'cocoki', 'tetapi', 'lebih', 'ramah', 'sebelum', 'shopee', 'punya', 'cocoki', 'sudah', 'main', 'ini', 'duluan', 'tetapi', 'historynya', 'sering', 'dihapus', 'jadi', 'permainannya', 'tidak', 'kesimpen', 'pdhl', 'sudah', 'level', 'jauh', 'ada', 'di']","['persis', 'cocoki', 'ramah', 'shopee', 'cocoki', 'main', 'duluan', 'historynya', 'dihapus', 'permainannya', 'kesimpen', 'pdhl', 'level']",persis cocok ramah shopee cocok main duluan historynya hapus main kesimpen pdhl level,NEGATIVE,"{'label': 'NEGATIVE', 'score': 0.9933298230171204}",0.9933298230171204
Sun Aug 27 17:48:52 +0000 2023,1695855914358808822,@avadakiravra aku pernah lho ngga tidur ngampus perkara COCOKI DAN KALAH,0,1,0,0,in,1892814882,1695844350771740783,mournfuel,https://twitter.com/mournfuel/status/1695855914358808822,aku pernah lho ngga tidur ngampus perkara cocoki dan kalah,"['aku', 'pernah', 'lho', 'ngga', 'tidur', 'ngampus', 'perkara', 'cocoki', 'dan', 'kalah']","['saya', 'pernah', 'loh', 'tidak', 'tidur', 'ngampus', 'perkara', 'cocoki', 'dan', 'kalah']","['loh', 'tidur', 'ngampus', 'perkara', 'cocoki', 'kalah']",loh tidur ngampus perkara cocok kalah,NEGATIVE,"{'label': 'NEGATIVE', 'score': 0.6734209656715393}",0.6734209656715393
Sun Aug 27 17:47:37 +0000 2023,1695855599907684584,@KAWANUPIZ btw maap gue baru cek ggr abis ketagihan maen cocokiüò≠üò≠üò≠,0,0,0,0,in,1303343371226722310,1695808821560774952,cheesyea,https://twitter.com/cheesyea/status/1695855599907684584,btw maap gue baru cek ggr abis ketagihan maen cocoki,"['btw', 'maap', 'gue', 'baru', 'cek', 'ggr', 'abis', 'ketagihan', 'maen', 'cocoki']","['btw', 'maaf', 'saya', 'baru', 'cek', 'karena', 'abis', 'ketagihan', 'main', 'cocoki']","['btw', 'maaf', 'cek', 'abis', 'ketagihan', 'main', 'cocoki']",btw maaf cek abis tagih main cocok,NEGATIVE,"{'label': 'NEGATIVE', 'score': 0.9850596189498901}",0.9850596189498901
Sun Aug 27 17:45:53 +0000 2023,1695855164241170775,akhirnyaaa cocoki hari ini masuk 500 besarrrr yepipipi https://t.co/VLskv75mkS,0,0,0,0,in,1483853859818991616,1695855164241170775,404tfu,https://twitter.com/404tfu/status/1695855164241170775,akhirnyaaa cocoki hari ini masuk 500 besarrrr yepipipi,"['akhirnyaaa', 'cocoki', 'hari', 'ini', 'masuk', '500', 'besarrrr', 'yepipipi']","['akhirnyaaa', 'cocoki', 'hari', 'ini', 'masuk', '500', 'besarrrr', 'yepipipi']","['akhirnyaaa', 'cocoki', 'masuk', '500', 'besarrrr', 'yepipipi']",akhirnyaaa cocok masuk 500 besarrrr yepipipi,NEGATIVE,"{'label': 'NEGATIVE', 'score': 0.9882155656814575}",0.9882155656814575
Sun Aug 27 17:45:48 +0000 2023,1695855144024588783,"Enough shopee cocoki for today. Menang kagak, stres iya ‚ò∫Ô∏è",0,0,0,1,in,1585131322720194560,1695855144024588783,eggieee___,https://twitter.com/eggieee___/status/1695855144024588783,enough shopee cocoki for today menang kagak stres iya,"['enough', 'shopee', 'cocoki', 'for', 'today', 'menang', 'kagak', 'stres', 'iya']","['enough', 'shopee', 'cocoki', 'for', 'today', 'menang', 'kagak', 'stres', 'iya']","['enough', 'shopee', 'cocoki', 'for', 'today', 'menang', 'kagak', 'stres', 'iya']",enough shopee cocok for today menang kagak stres iya,NEGATIVE,"{'label': 'NEGATIVE', 'score': 0.9813557267189026}",0.9813557267189026
Sun Aug 27 17:45:02 +0000 2023,1695854951908712532,Bermain cocoki ditemani ayang wkwk https://t.co/KAZ9lxjOj5,0,0,0,0,in,1228723176676323334,1695854951908712532,Peachmatchalava,https://twitter.com/Peachmatchalava/status/1695854951908712532,bermain cocoki ditemani ayang wkwk,"['bermain', 'cocoki', 'ditemani', 'ayang', 'wkwk']","['bermain', 'cocoki', 'ditemani', 'ayang', 'wkwk']","['bermain', 'cocoki', 'ditemani', 'ayang']",main cocok tani ayang,POSITIVE,"{'label': 'POSITIVE', 'score': 0.7298895716667175}",0.7298895716667175
Sun Aug 27 17:41:33 +0000 2023,1695854075508867392,@tanyakanrl main  sopi cocoki dl baru tidur,0,0,0,0,in,1300497869691002880,1695852433271050568,lucintalita,https://twitter.com/lucintalita/status/1695854075508867392,main sopi cocoki dl baru tidur,"['main', 'sopi', 'cocoki', 'dl', 'baru', 'tidur']","['main', 'shopee', 'cocoki', 'dl', 'baru', 'tidur']","['main', 'shopee', 'cocoki', 'dl', 'tidur']",main shopee cocok dl tidur,NEGATIVE,"{'label': 'NEGATIVE', 'score': 0.9772055745124817}",0.9772055745124817
Sun Aug 27 17:44:23 +0000 2023,1695854789094260940,Fck cocokiüò≠,0,0,0,0,en,1419982542640320512,1695854789094260940,chronosdie,https://twitter.com/chronosdie/status/1695854789094260940,fck cocoki,"['fck', 'cocoki']","['fuck', 'cocoki']","['fuck', 'cocoki']",fuck cocok,NEGATIVE,"{'label': 'NEGATIVE', 'score': 0.9909076690673828}",0.9909076690673828
Sun Aug 27 17:41:17 +0000 2023,1695854008811057569,dah lama ngga cocoki,0,0,0,0,in,1103624664,1695854008811057569,riznifajrin,https://twitter.com/riznifajrin/status/1695854008811057569,dah lama ngga cocoki,"['dah', 'lama', 'ngga', 'cocoki']","['sudah', 'lama', 'tidak', 'cocoki']",['cocoki'],cocok,NEGATIVE,"{'label': 'NEGATIVE', 'score': 0.8596155047416687}",0.8596155047416687
Sun Aug 27 17:41:09 +0000 2023,1695853975214653533,kagettt main cocoki menangüò≠üò≠ https://t.co/xfk0VFmIK6,0,2,0,0,in,1142059001598730240,1695853975214653533,hwanipie,https://twitter.com/hwanipie/status/1695853975214653533,kagettt main cocoki menang,"['kagettt', 'main', 'cocoki', 'menang']","['kaget', 'main', 'cocoki', 'menang']","['kaget', 'main', 'cocoki', 'menang']",kaget main cocok menang,NEGATIVE,"{'label': 'NEGATIVE', 'score': 0.8868464827537537}",0.8868464827537537
Sun Aug 27 17:40:22 +0000 2023,1695853776278864252,Tiap main cocoki dosa gua nambah keknya‚ò∫Ô∏èüëç,0,0,0,0,in,808631226,1695853776278864252,naufaliazn,https://twitter.com/naufaliazn/status/1695853776278864252,tiap main cocoki dosa gua nambah keknya,"['tiap', 'main', 'cocoki', 'dosa', 'gua', 'nambah', 'keknya']","['setiap', 'main', 'cocoki', 'dosa', 'gua', 'tambah', 'keknya']","['main', 'cocoki', 'dosa', 'gua', 'keknya']",main cocok dosa gua kek,NEGATIVE,"{'label': 'NEGATIVE', 'score': 0.991101861000061}",0.991101861000061
Sun Aug 27 17:39:05 +0000 2023,1695853452344340511,aih sedih bgt men harusnya skrg gw lagi sing along ballroom extravaganza bareng ian &amp  dreamers tapi gue malah main COCOKI https://t.co/zFJVkLZFDR,0,0,0,0,in,1355504727023251460,1695853452344340511,pyeonqi,https://twitter.com/pyeonqi/status/1695853452344340511,aih sedih bgt men harusnya skrg gw lagi sing along ballroom extravaganza bareng ian amp dreamers tapi gue malah main cocoki,"['aih', 'sedih', 'bgt', 'men', 'harusnya', 'skrg', 'gw', 'lagi', 'sing', 'along', 'ballroom', 'extravaganza', 'bareng', 'ian', 'amp', 'dreamers', 'tapi', 'gue', 'malah', 'main', 'cocoki']","['aih', 'sedih', 'banget', 'men', 'harusnya', 'sekarang', 'gw', 'lagi', 'sing', 'along', 'ballroom', 'extravaganza', 'bareng', 'ian', 'amp', 'dreamers', 'tetapi', 'saya', 'malah', 'main', 'cocoki']","['aih', 'sedih', 'banget', 'men', 'gw', 'sing', 'along', 'ballroom', 'extravaganza', 'bareng', 'ian', 'amp', 'dreamers', 'main', 'cocoki']",aih sedih banget men gw sing along ballroom extravaganza bareng ian amp dreamers main cocok,NEGATIVE,"{'label': 'NEGATIVE', 'score': 0.9026067852973938}",0.9026067852973938
Sun Aug 27 17:37:20 +0000 2023,1695853015314624609,@ReaderSoobin Segitu aja usaha lu bang? Gue jatuh 200x main cocoki tapi masih tegar.,0,0,0,0,in,894301285834342400,1695628626442756342,iScentYeonjun,https://twitter.com/iScentYeonjun/status/1695853015314624609,segitu aja usaha lu bang gue jatuh 200x main cocoki tapi masih tegar,"['segitu', 'aja', 'usaha', 'lu', 'bang', 'gue', 'jatuh', '200x', 'main', 'cocoki', 'tapi', 'masih', 'tegar']","['segitu', 'saja', 'usaha', 'lu', 'bang', 'saya', 'jatuh', '200x', 'main', 'cocoki', 'tetapi', 'masih', 'tegar']","['segitu', 'usaha', 'lu', 'bang', 'jatuh', '200x', 'main', 'cocoki', 'tegar']",segitu usaha lu bang jatuh 200x main cocok tegar,NEGATIVE,"{'label': 'NEGATIVE', 'score': 0.9744925498962402}",0.9744925498962402
Sun Aug 27 17:37:07 +0000 2023,1695852959366807847,"@SaurusSleepy semangat ibun, tolong cocoki kerjasamanya",0,1,0,1,in,1511702974837706752,1695849640367939994,usnkari,https://twitter.com/usnkari/status/1695852959366807847,semangat ibun tolong cocoki kerjasamanya,"['semangat', 'ibun', 'tolong', 'cocoki', 'kerjasamanya']","['semangat', 'ibun', 'tolong', 'cocoki', 'kerjasamanya']","['semangat', 'ibun', 'tolong', 'cocoki', 'kerjasamanya']",semangat ibun tolong cocok kerjasamanya,NEGATIVE,"{'label': 'NEGATIVE', 'score': 0.6420086026191711}",0.6420086026191711
Sun Aug 27 17:36:58 +0000 2023,1695852919256764744,@honeysze harus ikut seminar sukses memenangi cocoki,0,0,0,0,in,1370238496502210565,1695848010469802178,iyetaulujago,https://twitter.com/iyetaulujago/status/1695852919256764744,harus ikut seminar sukses memenangi cocoki,"['harus', 'ikut', 'seminar', 'sukses', 'memenangi', 'cocoki']","['harus', 'ikut', 'seminar', 'sukses', 'memenangi', 'cocoki']","['seminar', 'sukses', 'memenangi', 'cocoki']",seminar sukses tang cocok,NEGATIVE,"{'label': 'NEGATIVE', 'score': 0.8785225749015808}",0.8785225749015808
Sun Aug 27 17:36:45 +0000 2023,1695852868228821378,@aldapstsr shopee cocoki kenapa enggak keluar pas pandemi kmrn sih üò≠,0,0,0,1,in,1278269892882337792,1695851149222711420,koganenohikari,https://twitter.com/koganenohikari/status/1695852868228821378,shopee cocoki kenapa enggak keluar pas pandemi kmrn sih,"['shopee', 'cocoki', 'kenapa', 'enggak', 'keluar', 'pas', 'pandemi', 'kmrn', 'sih']","['shopee', 'cocoki', 'kenapa', 'tidak', 'keluar', 'pas', 'pandemi', 'kemarin', 'sih']","['shopee', 'cocoki', 'pas', 'pandemi', 'kemarin', 'sih']",shopee cocok pas pandemi kemarin sih,NEGATIVE,"{'label': 'NEGATIVE', 'score': 0.9512751698493958}",0.9512751698493958
Sun Aug 27 17:35:40 +0000 2023,1695852593845866561,@ReaderJooyeon Konsepnya jadikan cocoki untuk motivasi buat jalanin hari. Emang gaboleh gue punya cita-cita? ü•∫,0,0,0,0,in,894301285834342400,1695490812182937860,iScentYeonjun,https://twitter.com/iScentYeonjun/status/1695852593845866561,konsepnya jadikan cocoki untuk motivasi buat jalanin hari emang gaboleh gue punya citacita,"['konsepnya', 'jadikan', 'cocoki', 'untuk', 'motivasi', 'buat', 'jalanin', 'hari', 'emang', 'gaboleh', 'gue', 'punya', 'citacita']","['konsepnya', 'jadikan', 'cocoki', 'untuk', 'motivasi', 'buat', 'jalanin', 'hari', 'emang', 'gaboleh', 'saya', 'punya', 'citacita']","['konsepnya', 'jadikan', 'cocoki', 'motivasi', 'jalanin', 'emang', 'gaboleh', 'citacita']",konsep jadi cocok motivasi jalanin emang gaboleh citacita,NEGATIVE,"{'label': 'NEGATIVE', 'score': 0.9761797189712524}",0.9761797189712524
Sun Aug 27 17:35:03 +0000 2023,1695852437582885222,Info joki cocoki,0,2,0,0,in,1055378793592872961,1695852437582885222,cardhaqu_,https://twitter.com/cardhaqu_/status/1695852437582885222,info joki cocoki,"['info', 'joki', 'cocoki']","['info', 'joki', 'cocoki']","['info', 'joki', 'cocoki']",info joki cocok,NEGATIVE,"{'label': 'NEGATIVE', 'score': 0.8724890351295471}",0.8724890351295471
Sun Aug 27 17:32:26 +0000 2023,1695851778762481804,@sugarge_ mangkanya stop main cocoki,0,0,0,0,in,1336166475145433088,1695784573609861573,ppeaacchy,https://twitter.com/ppeaacchy/status/1695851778762481804,mangkanya stop main cocoki,"['mangkanya', 'stop', 'main', 'cocoki']","['mangkanya', 'stop', 'main', 'cocoki']","['mangkanya', 'stop', 'main', 'cocoki']",mangkanya stop main cocok,NEGATIVE,"{'label': 'NEGATIVE', 'score': 0.9736383557319641}",0.9736383557319641
Sun Aug 27 17:30:56 +0000 2023,1695851403359772752,"ini gara gara cocoki ya allah, aku jadi belum tidur",0,0,0,0,in,1336166475145433088,1695851403359772752,ppeaacchy,https://twitter.com/ppeaacchy/status/1695851403359772752,ini gara gara cocoki ya allah aku jadi belum tidur,"['ini', 'gara', 'gara', 'cocoki', 'ya', 'allah', 'aku', 'jadi', 'belum', 'tidur']","['ini', 'gara', 'gara', 'cocoki', 'ya', 'allah', 'saya', 'jadi', 'belum', 'tidur']","['gara', 'gara', 'cocoki', 'ya', 'allah', 'tidur']",gara gara cocok ya allah tidur,NEGATIVE,"{'label': 'NEGATIVE', 'score': 0.9734548330307007}",0.9734548330307007
Sun Aug 27 17:30:13 +0000 2023,1695851222895673423,@discountfess Kok bisa si anjrit menang main cocoki,0,0,0,0,in,1226191495067095041,1695375532949659908,cifaagr,https://twitter.com/cifaagr/status/1695851222895673423,kok bisa si anjrit menang main cocoki,"['kok', 'bisa', 'si', 'anjrit', 'menang', 'main', 'cocoki']","['kok', 'bisa', 'si', 'anjrit', 'menang', 'main', 'cocoki']","['si', 'anjrit', 'menang', 'main', 'cocoki']",si anjrit menang main cocok,NEGATIVE,"{'label': 'NEGATIVE', 'score': 0.7549062967300415}",0.7549062967300415
